{
  "cpu_count": 16,
  "total_ram_gb": 31.406578063964844,
  "available_ram_gb": 15.88821029663086
}